K,inertie,silhouette
1,2000.000000000001,
2,487.09893611385644,0.6274350681959268
3,231.92666542730518,0.566999116563451
4,136.9107216212425,0.5347877345897338
5,89.2825103329958,0.5238767296551974
6,69.41715882095468,0.48929536799366224
7,53.74042365475768,0.4771115899302579
8,42.660411066233976,0.47283429079338724
