modele,rmse_test,mae_test,r2_test,rang
SVR (RBF),1.0070831815190013,0.8111594668797641,0.9694760694420308,1
Régression linéaire,1.0208158044480464,0.8349701809400947,0.9686379429201297,2
KNN (k=5),1.0892648897306842,0.8832999999999999,0.9642910746105321,3
