coefficient_assiduite,intercept,equation
0.1981116385969644,0.014649394423649653,Notes ≈ 0.198 × Assiduité + 0.015
