,Notes,Assiduité
Notes,1.0,0.9863776244617232
Assiduité,0.9863776244617232,1.0
