,Notes,Assiduité
count,1000.0,1000.0
mean,9.903,49.921
std,5.873166529657151,29.297561436169183
min,0.0,-0.0
25%,4.8,24.0
50%,9.75,49.0
75%,15.1,75.0
max,20.0,100.0
