Note_moyenne,Assiduite_moyenne,effectif
10.48957404465197,52.84676164164283,316
3.501688789453956,17.203329808438838,347
16.85624112916473,84.30625718489875,337
